date,buying_rate,selling_rate,middle_rate
2025-01-02,4.4750,4.4800,4.4775
2025-01-03,4.4920,4.4980,4.4950
2025-01-06,4.5100,4.5160,4.5130
2025-01-07,4.5070,4.5130,4.5100
2025-01-08,4.4970,4.5020,4.4995
2025-01-09,4.4970,4.5020,4.4995
2025-01-10,4.4910,4.4960,4.4935
2025-01-13,4.5070,4.5110,4.5090
2025-01-14,4.4990,4.5040,4.5015
2025-01-15,4.5040,4.5080,4.5060
2025-01-16,4.4950,4.5000,4.4975
2025-01-17,4.4990,4.5040,4.5015
2025-01-20,4.4980,4.5030,4.5005
2025-01-21,4.4720,4.4770,4.4745
2025-01-22,4.4450,4.4490,4.4470
2025-01-23,4.4400,4.4480,4.4440
2025-01-24,4.4100,4.4200,4.4150
2025-01-27,4.3700,4.3750,4.3725
2025-01-28,4.4000,4.4060,4.4030
2025-01-31,4.4170,4.4230,4.4200
2025-02-03,4.4920,4.4980,4.4950
2025-02-04,4.4550,4.4590,4.4570
2025-02-05,4.4270,4.4330,4.4300
2025-02-06,4.4250,4.4300,4.4275
2025-02-07,4.4380,4.4440,4.4410
2025-02-10,4.4660,4.4700,4.4680
2025-02-12,4.4630,4.4670,4.4650
2025-02-13,4.4580,4.4630,4.4605
2025-02-14,4.4400,4.4450,4.4425
2025-02-17,4.4270,4.4320,4.4295
2025-02-18,4.4440,4.4480,4.4460
2025-02-19,4.4380,4.4460,4.4420
2025-02-20,4.4250,4.4300,4.4275
2025-02-21,4.4150,4.4200,4.4175
2025-02-24,4.3960,4.4010,4.3985
2025-02-25,4.4100,4.4170,4.4135
2025-02-26,4.4200,4.4250,4.4225
2025-02-27,4.4440,4.4480,4.4460
2025-02-28,4.4630,4.4680,4.4655
2025-03-03,4.4610,4.4660,4.4635
2025-03-04,4.4660,4.4700,4.4680
2025-03-05,4.4450,4.4500,4.4475
2025-03-06,4.4250,4.4300,4.4275
2025-03-07,4.4270,4.4320,4.4295
2025-03-10,4.4160,4.4220,4.4190
2025-03-11,4.4300,4.4350,4.4325
2025-03-12,4.4300,4.4360,4.4330
2025-03-13,4.4260,4.4300,4.4280
2025-03-14,4.4430,4.4470,4.4450
2025-03-17,4.4420,4.4490,4.4455
2025-03-19,4.4280,4.4330,4.4305
2025-03-20,4.4240,4.4280,4.4260
2025-03-21,4.4200,4.4260,4.4230
2025-03-24,4.4300,4.4370,4.4335
2025-03-25,4.4370,4.4420,4.4395
2025-03-26,4.4220,4.4270,4.4245
2025-03-27,4.4290,4.4350,4.4320
2025-03-28,4.4310,4.4350,4.4330
2025-04-02,4.4450,4.4500,4.4475
2025-04-03,4.4600,4.4700,4.4650
2025-04-04,4.4160,4.4200,4.4180
2025-04-07,4.4650,4.4700,4.4675
2025-04-08,4.4810,4.4860,4.4835
2025-04-09,4.4990,4.5050,4.5020
2025-04-10,4.4740,4.4790,4.4765
2025-04-11,4.4360,4.4400,4.4380
2025-04-14,4.4210,4.4250,4.4230
2025-04-15,4.4080,4.4150,4.4115
2025-04-16,4.4130,4.4190,4.4160
2025-04-17,4.4100,4.4140,4.4120
2025-04-18,4.4060,4.4120,4.4090
2025-04-21,4.3840,4.3880,4.3860
2025-04-22,4.3760,4.3800,4.3780
2025-04-23,4.4060,4.4100,4.4080
2025-04-24,4.3880,4.3930,4.3905
2025-04-25,4.3700,4.3780,4.3740
2025-04-28,4.3720,4.3760,4.3740
2025-04-29,4.3320,4.3360,4.3340
2025-04-30,4.3150,4.3200,4.3175
2025-05-02,4.2930,4.2990,4.2960
2025-05-05,4.1970,4.2030,4.2000
2025-05-06,4.2290,4.2350,4.2320
2025-05-07,4.2320,4.2390,4.2355
2025-05-08,4.2640,4.2700,4.2670
2025-05-09,4.3150,4.3220,4.3185
2025-05-13,4.3250,4.3300,4.3275
2025-05-14,4.3120,4.3170,4.3145
2025-05-15,4.2820,4.2900,4.2860
2025-05-16,4.2650,4.2700,4.2675
2025-05-19,4.3080,4.3140,4.3110
2025-05-20,4.2820,4.2880,4.2850
2025-05-21,4.2680,4.2740,4.2710
2025-05-22,4.2560,4.2620,4.2590
2025-05-23,4.2520,4.2550,4.2535
2025-05-26,4.2030,4.2100,4.2065
2025-05-27,4.2070,4.2130,4.2100
2025-05-28,4.2470,4.2530,4.2500
2025-05-29,4.2380,4.2440,4.2410
2025-05-30,4.2360,4.2420,4.2390
2025-06-03,4.2470,4.2530,4.2500
2025-06-04,4.2470,4.2530,4.2500
2025-06-05,4.2400,4.2450,4.2425
2025-06-06,4.2260,4.2300,4.2280
2025-06-09,4.2360,4.2410,4.2385
2025-06-10,4.2320,4.2370,4.2345
2025-06-11,4.2380,4.2430,4.2405
2025-06-12,4.2230,4.2280,4.2255
2025-06-13,4.2400,4.2470,4.2435
2025-06-16,4.2440,4.2480,4.2460
2025-06-17,4.2370,4.2420,4.2395
2025-06-18,4.2460,4.2500,4.2480
2025-06-19,4.2570,4.2620,4.2595
2025-06-20,4.2520,4.2560,4.2540
2025-06-23,4.2780,4.2840,4.2810
2025-06-24,4.2520,4.2560,4.2540
2025-06-25,4.2360,4.2410,4.2385
2025-06-26,4.2220,4.2280,4.2250
2025-06-30,4.2140,4.2200,4.2170
2025-07-01,4.1900,4.1950,4.1925
2025-07-02,4.2130,4.2200,4.2165
2025-07-03,4.2210,4.2270,4.2240
2025-07-04,4.2260,4.2320,4.2290
2025-07-07,4.2300,4.2380,4.2340
2025-07-08,4.2360,4.2410,4.2385
2025-07-09,4.2510,4.2570,4.2540
2025-07-10,4.2500,4.2550,4.2525
2025-07-11,4.2520,4.2600,4.2560
2025-07-14,4.2510,4.2590,4.2550
2025-07-15,4.2520,4.2560,4.2540
2025-07-16,4.2500,4.2540,4.2520
2025-07-17,4.2450,4.2490,4.2470
2025-07-18,4.2420,4.2480,4.2450
2025-07-21,4.2370,4.2420,4.2395
2025-07-22,4.2290,4.2350,4.2320
2025-07-23,4.2230,4.2280,4.2255
2025-07-24,4.2150,4.2190,4.2170
2025-07-25,4.2160,4.2220,4.2190
2025-07-28,4.2180,4.2230,4.2205
2025-07-29,4.2400,4.2450,4.2425
2025-07-30,4.2330,4.2370,4.2350
2025-07-31,4.2520,4.2560,4.2540
2025-08-01,4.2750,4.2800,4.2775
2025-08-04,4.2330,4.2380,4.2355
2025-08-05,4.2280,4.2330,4.2305
2025-08-06,4.2250,4.2300,4.2275
2025-08-07,4.2270,4.2320,4.2295
2025-08-08,4.2330,4.2380,4.2355
2025-08-11,4.2330,4.2380,4.2355
2025-08-12,4.2300,4.2360,4.2330
2025-08-13,4.2190,4.2250,4.2220
2025-08-14,4.1950,4.2000,4.1975
2025-08-15,4.2160,4.2200,4.2180
2025-08-18,4.2210,4.2260,4.2235
2025-08-19,4.2240,4.2280,4.2260
2025-08-20,4.2240,4.2280,4.2260
2025-08-21,4.2200,4.2250,4.2225
2025-08-22,4.2280,4.2330,4.2305
2025-08-25,4.1970,4.2030,4.2000
2025-08-26,4.2140,4.2160,4.2150
2025-08-27,4.2250,4.2300,4.2275
2025-08-28,4.2250,4.2300,4.2275
2025-08-29,4.2160,4.2200,4.2180
2025-09-02,4.2280,4.2340,4.2310
2025-09-03,4.2280,4.2330,4.2305
2025-09-04,4.2260,4.2320,4.2290
2025-09-08,4.2200,4.2240,4.2220
2025-09-09,4.2080,4.2130,4.2105
2025-09-10,4.2100,4.2150,4.2125
2025-09-11,4.2180,4.2230,4.2205
2025-09-12,4.2080,4.2130,4.2105
2025-09-17,4.1890,4.1940,4.1915
2025-09-18,4.1930,4.1980,4.1955
2025-09-19,4.2040,4.2080,4.2060
2025-09-22,4.2080,4.2120,4.2100
2025-09-23,4.1950,4.2000,4.1975
2025-09-24,4.1980,4.2030,4.2005
2025-09-25,4.2100,4.2150,4.2125
2025-09-26,4.2170,4.2230,4.2200
2025-09-29,4.2090,4.2140,4.2115
2025-09-30,4.2130,4.2170,4.2150
2025-10-01,4.2100,4.2160,4.2130
2025-10-02,4.2030,4.2080,4.2055
2025-10-03,4.2120,4.2170,4.2145
2025-10-06,4.2120,4.2160,4.2140
2025-10-07,4.2120,4.2160,4.2140
2025-10-08,4.2170,4.2220,4.2195
2025-10-09,4.2120,4.2170,4.2145
2025-10-10,4.2190,4.2240,4.2215
2025-10-13,4.2220,4.2260,4.2240
2025-10-14,4.2230,4.2280,4.2255
2025-10-15,4.2220,4.2270,4.2245
2025-10-16,4.2250,4.2300,4.2275
2025-10-17,4.2240,4.2280,4.2260
2025-10-21,4.2240,4.2280,4.2260
2025-10-22,4.2270,4.2320,4.2295
2025-10-23,4.2280,4.2320,4.2300
2025-10-24,4.2240,4.2290,4.2265
2025-10-27,4.2120,4.2160,4.2140
2025-10-28,4.1980,4.2040,4.2010
2025-10-29,4.1880,4.1930,4.1905
2025-10-30,4.1950,4.2000,4.1975
2025-10-31,4.1900,4.1940,4.1920
2025-11-03,4.1950,4.2000,4.1975
2025-11-04,4.2020,4.2070,4.2045
2025-11-05,4.1920,4.1970,4.1945
2025-11-06,4.1800,4.1850,4.1825
2025-11-07,4.1740,4.1780,4.1760
2025-11-10,4.1650,4.1690,4.1670
2025-11-11,4.1490,4.1540,4.1515
2025-11-12,4.1280,4.1330,4.1305
2025-11-13,4.1290,4.1330,4.1310
2025-11-14,4.1300,4.1350,4.1325
2025-11-17,4.1480,4.1530,4.1505
2025-11-18,4.1740,4.1790,4.1765
2025-11-19,4.1460,4.1500,4.1480
2025-11-20,4.1620,4.1670,4.1645
2025-11-21,4.1420,4.1460,4.1440
2025-11-24,4.1390,4.1440,4.1415
2025-11-25,4.1300,4.1340,4.1320
2025-11-26,4.1300,4.1350,4.1325
2025-11-27,4.1290,4.1330,4.1310
2025-11-28,4.1270,4.1310,4.1290
2025-12-01,4.1310,4.1370,4.1340
2025-12-02,4.1300,4.1350,4.1325
2025-12-03,4.1270,4.1320,4.1295
2025-12-04,4.1150,4.1200,4.1175
2025-12-05,4.1130,4.1170,4.1150
2025-12-08,4.1060,4.1100,4.1080
2025-12-09,4.1160,4.1200,4.1180
2025-12-10,4.1190,4.1230,4.1210
2025-12-11,4.1050,4.1090,4.1070
2025-12-12,4.0990,4.1030,4.1010
2025-12-15,4.0870,4.0920,4.0895
2025-12-16,4.0820,4.0880,4.0850
2025-12-17,4.0830,4.0880,4.0855
2025-12-18,4.0860,4.0910,4.0885
2025-12-19,4.0810,4.0860,4.0835
2025-12-22,4.0770,4.0810,4.0790
2025-12-23,4.0650,4.0700,4.0675
2025-12-24,4.0550,4.0610,4.0580
2025-12-26,4.0340,4.0400,4.0370
2025-12-29,4.0510,4.0570,4.0540
2025-12-30,4.0510,4.0560,4.0535
2025-12-31,4.0540,4.0600,4.0570
2026-01-02,4.0550,4.0600,4.0575
2026-01-05,4.0730,4.0790,4.0760
2026-01-06,4.0530,4.0580,4.0555
2026-01-07,4.0480,4.0530,4.0505
2026-01-08,4.0600,4.0650,4.0625
2026-01-09,4.0620,4.0660,4.0640
2026-01-12,4.0640,4.0690,4.0665
2026-01-13,4.0540,4.0580,4.0560
2026-01-14,4.0520,4.0570,4.0545
2026-01-15,4.0470,4.0510,4.0490
2026-01-16,4.0580,4.0630,4.0605
2026-01-19,4.0520,4.0560,4.0540
2026-01-20,4.0500,4.0550,4.0525
2026-01-21,4.0540,4.0580,4.0560
2026-01-22,4.0420,4.0480,4.0450
2026-01-23,4.0100,4.0160,4.0130
2026-01-26,3.9670,3.9720,3.9695
2026-01-27,3.9550,3.9600,3.9575
2026-01-28,3.9180,3.9230,3.9205
2026-01-29,3.9300,3.9360,3.9330
2026-01-30,3.9390,3.9430,3.9410
2026-02-03,3.9400,3.9460,3.9430
2026-02-04,3.9250,3.9300,3.9275
2026-02-05,3.9460,3.9520,3.9490
2026-02-06,3.9520,3.9570,3.9545
2026-02-09,3.9330,3.9390,3.9360
2026-02-10,3.9220,3.9270,3.9245
2026-02-11,3.9240,3.9280,3.9260
2026-02-12,3.9040,3.9100,3.9070
2026-02-13,3.8980,3.9030,3.9005
2026-02-16,3.8970,3.9020,3.8995
2026-02-19,3.9140,3.9180,3.9160
2026-02-20,3.9070,3.9130,3.9100
2026-02-23,3.8890,3.8930,3.8910
2026-02-24,3.8960,3.9010,3.8985
2026-02-25,3.8910,3.8960,3.8935
2026-02-26,3.8850,3.8900,3.8875
2026-02-27,3.8820,3.8870,3.8845
2026-03-02,3.9030,3.9070,3.9050
2026-03-03,3.9230,3.9280,3.9255
2026-03-04,3.9450,3.9500,3.9475
2026-03-05,3.9420,3.9470,3.9445
2026-03-06,3.9460,3.9510,3.9485
2026-03-09,3.9670,3.9720,3.9695
2026-03-10,3.9340,3.9380,3.9360
2026-03-11,3.9200,3.9260,3.9230
2026-03-12,3.9280,3.9330,3.9305
2026-03-13,3.9280,3.9340,3.9310
2026-03-16,3.9310,3.9360,3.9335
2026-03-17,3.9200,3.9250,3.9225
2026-03-18,3.9080,3.9140,3.9110
2026-03-19,3.9360,3.9410,3.9385
2026-03-24,3.9440,3.9500,3.9470
2026-03-25,3.9520,3.9590,3.9555
2026-03-26,3.9910,3.9980,3.9945
2026-03-27,4.0050,4.0100,4.0075
2026-03-30,4.0200,4.0230,4.0215
2026-03-31,4.0350,4.0400,4.0375
2026-04-01,4.0320,4.0380,4.0350
2026-04-02,4.0280,4.0350,4.0315
2026-04-03,4.0320,4.0360,4.0340
2026-04-06,4.0300,4.0340,4.0320
2026-04-07,4.0350,4.0390,4.0370
2026-04-08,3.9880,3.9920,3.9900
2026-04-09,3.9800,3.9860,3.9830
2026-04-10,3.9660,3.9720,3.9690
2026-04-13,3.9720,3.9780,3.9750
2026-04-14,3.9540,3.9580,3.9560
2026-04-15,3.9480,3.9520,3.9500
2026-04-16,3.9480,3.9520,3.9500
2026-04-17,3.9540,3.9580,3.9560
2026-04-20,3.9520,3.9570,3.9545
2026-04-21,3.9540,3.9580,3.9560
2026-04-22,3.9540,3.9590,3.9565
2026-04-23,3.9630,3.9680,3.9655
2026-04-24,3.9700,3.9740,3.9720
2026-04-27,3.9500,3.9550,3.9525
2026-04-28,3.9450,3.9500,3.9475
2026-04-29,3.9480,3.9530,3.9505
2026-04-30,3.9680,3.9730,3.9705
2026-05-04,3.9540,3.9580,3.9560
2026-05-05,3.9630,3.9670,3.9650
2026-05-06,3.9510,3.9560,3.9535
2026-05-07,3.9050,3.9110,3.9080
2026-05-08,3.9170,3.9220,3.9195
2026-05-11,3.9260,3.9310,3.9285
2026-05-12,3.9320,3.9380,3.9350
2026-05-13,3.9250,3.9300,3.9275
2026-05-14,3.9270,3.9320,3.9295
2026-05-15,3.9410,3.9480,3.9445
2026-05-18,3.9750,3.9800,3.9775
2026-05-19,3.9720,3.9770,3.9745
2026-05-20,3.9760,3.9800,3.9780
2026-05-21,3.9660,3.9720,3.9690
2026-05-22,3.9620,3.9660,3.9640
2026-05-25,3.9530,3.9580,3.9555
2026-05-26,3.9630,3.9690,3.9660
2026-05-28,3.9790,3.9850,3.9820
2026-05-29,3.9630,3.9680,3.9655
2026-06-03,3.9800,3.9850,3.9825
2026-06-04,4.0130,4.0180,4.0155
2026-06-05,4.0330,4.0390,4.0360
2026-06-08,4.0680,4.0730,4.0705
2026-06-09,4.0620,4.0660,4.0640
2026-06-10,4.0600,4.0660,4.0630
2026-06-11,4.0650,4.0700,4.0675
2026-06-12,4.0560,4.0610,4.0585
2026-06-15,4.0460,4.0500,4.0480
2026-06-16,4.0600,4.0650,4.0625
2026-06-18,4.0880,4.0940,4.0910
2026-06-19,4.1340,4.1400,4.1370
2026-06-22,4.1500,4.1560,4.1530
2026-06-23,4.1380,4.1430,4.1405
2026-06-24,4.1380,4.1430,4.1405
2026-06-25,4.1080,4.1150,4.1115
2026-06-26,4.0990,4.1040,4.1015
2026-06-29,4.0630,4.0680,4.0655
2026-06-30,4.0670,4.0730,4.0700
2026-07-01,4.0900,4.0960,4.0930
2026-07-02,4.0830,4.0870,4.0850
2026-07-03,4.0660,4.0720,4.0690
2026-07-06,4.0750,4.0790,4.0770
2026-07-07,4.0720,4.0770,4.0745
2026-07-08,4.0750,4.0800,4.0775
2026-07-09,4.0780,4.0820,4.0800
2026-07-10,4.0650,4.0700,4.0675
2026-07-13,4.0780,4.0840,4.0810
2026-07-14,4.0760,4.0800,4.0780
2026-07-15,4.0680,4.0730,4.0705
2026-07-16,4.0700,4.0750,4.0725
2026-07-17,4.0780,4.0820,4.0800
2026-07-20,4.0860,4.0920,4.0890
2026-07-21,4.0870,4.0920,4.0895
2026-07-22,4.0930,4.0980,4.0955
2026-07-23,4.0840,4.0890,4.0865
2026-07-24,4.0910,4.0960,4.0935
2026-07-27,4.0820,4.0860,4.0840
2026-07-28,4.0840,4.0890,4.0865
2026-07-29,4.0870,4.0920,4.0895
2026-07-30,4.0850,4.0900,4.0875
2026-07-31,4.0880,4.0920,4.0900
2026-08-03,4.0890,4.0950,4.0920
2026-08-04,4.0920,4.0970,4.0945
2026-08-05,4.0890,4.0940,4.0915
2026-08-06,4.0850,4.0900,4.0875
2026-08-07,4.0880,4.0930,4.0905
2026-08-10,4.0870,4.0910,4.0890
2026-08-11,4.0900,4.0950,4.0925
2026-08-12,4.0900,4.0940,4.0920
2026-08-13,4.0850,4.0890,4.0870
2026-08-14,4.0830,4.0880,4.0855
2026-08-17,4.0730,4.0810,4.0770
2026-08-18,4.0510,4.0570,4.0540
2026-08-19,4.0590,4.0660,4.0625
2026-08-20,4.0390,4.0440,4.0415
2026-08-21,4.0430,4.0480,4.0455
2026-08-24,4.0380,4.0430,4.0405
2026-08-26,4.0240,4.0300,4.0270
2026-08-27,4.0260,4.0300,4.0280
2026-08-28,4.0240,4.0310,4.0275
2026-09-01,4.0325,4.0380,4.0353
2026-09-02,4.0415,4.0465,4.0440
2026-09-03,4.0400,4.0460,4.0430
2026-09-04,4.0420,4.0490,4.0455
2026-09-07,4.0470,4.0520,4.0495
2026-09-08,4.0520,4.0590,4.0555
2026-09-09,4.0680,4.0720,4.0700
2026-09-10,4.0580,4.0660,4.0620
2026-09-11,4.0730,4.0780,4.0755
2026-09-14,4.0700,4.0750,4.0725
2026-09-15,4.0780,4.0820,4.0800
2026-09-17,4.0950,4.1000,4.0975
2026-09-18,4.0750,4.0810,4.0780
2026-09-21,4.0750,4.0790,4.0770
2026-09-22,4.0730,4.0780,4.0755
2026-09-23,4.0720,4.0780,4.0750
2026-09-24,4.0790,4.0860,4.0825
2026-09-25,4.0750,4.0800,4.0775
2026-09-28,4.0820,4.0870,4.0845
2026-09-29,4.0790,4.0870,4.0830
2026-09-30,4.0770,4.0820,4.0795
2026-10-01,4.0840,4.0870,4.0855
2026-10-02,4.0830,4.0880,4.0855
2026-10-05,4.0850,4.0900,4.0875
2026-10-06,4.0830,4.0875,4.0853
2026-10-07,4.0845,4.0878,4.0862
2026-10-08,4.0850,4.0890,4.0870
